execucao,timestamp,vacina,grupo,fator,valor,seed,window,val_months,test_months,noise_level,missing_ratio,n_layers,units,dropout,recurrent_dropout,dense_units,learning_rate,epochs,batch_size,seasonal_m,n_series,n_train,best_epoch,val_rmse_escalado,n_test,mae,rmse,mape,mape_n,mase,mase_n,mase_m
20261004-225238,2026-10-04T22:52:53,15_serum_institute_of_india_ltd,baseline,baseline,,42,12,4,4,0.0,0.0,1,64,0.0,0.0,32,0.001,80,32,12,162,1944,1,0.9854671955108643,648,1.6054374696111973,2.8224686520943423,62.71676450727328,444,0.7091945209167101,648,12
20261004-225238,2026-10-04T22:53:07,15_serum_institute_of_india_ltd,baseline,baseline,,7,12,4,4,0.0,0.0,1,64,0.0,0.0,32,0.001,80,32,12,162,1944,1,0.9872013926506042,648,1.605307610222587,2.8240858412796603,62.648963175328554,444,0.7097932040912931,648,12
20261004-225238,2026-10-04T22:53:21,15_serum_institute_of_india_ltd,baseline,baseline,,123,12,4,4,0.0,0.0,1,64,0.0,0.0,32,0.001,80,32,12,162,1944,4,1.0108088254928589,648,1.690345535721676,2.9772838768633627,67.08646003098745,444,0.7444996117486092,648,12
20261004-225238,2026-10-04T22:53:34,15_serum_institute_of_india_ltd,baseline,baseline,,2024,12,4,4,0.0,0.0,1,64,0.0,0.0,32,0.001,80,32,12,162,1944,1,1.0019638538360596,648,1.6278406825422505,2.9075960598217874,63.87915444352098,444,0.7170669125730591,648,12
20261004-225238,2026-10-04T22:53:48,15_serum_institute_of_india_ltd,baseline,baseline,,31337,12,4,4,0.0,0.0,1,64,0.0,0.0,32,0.001,80,32,12,162,1944,2,0.9940369725227356,648,1.6622701677735205,2.89780649847563,65.77385209471774,444,0.7343531264391895,648,12
20261004-225238,2026-10-04T22:54:25,33_fundacao_butantan,baseline,baseline,,42,12,4,4,0.0,0.0,1,64,0.0,0.0,32,0.001,80,32,12,616,7392,49,0.9431213736534119,2464,53.76867135411753,791.3041193807078,117.62277424932796,2305,1.3750773037014101,2464,12
20261004-225238,2026-10-04T22:55:01,33_fundacao_butantan,baseline,baseline,,7,12,4,4,0.0,0.0,1,64,0.0,0.0,32,0.001,80,32,12,616,7392,20,0.8509465456008911,2464,142.5390113057756,1949.8485145065981,197.2509313914651,2305,2.3291354171609666,2464,12
20261004-225238,2026-10-04T22:55:36,33_fundacao_butantan,baseline,baseline,,123,12,4,4,0.0,0.0,1,64,0.0,0.0,32,0.001,80,32,12,616,7392,24,0.8966837525367737,2464,115.3597917132905,1325.2054413868505,192.32711014462808,2305,2.2984451415900917,2464,12
20261004-225238,2026-10-04T22:56:12,33_fundacao_butantan,baseline,baseline,,2024,12,4,4,0.0,0.0,1,64,0.0,0.0,32,0.001,80,32,12,616,7392,34,0.8452213406562805,2464,95.04576081065794,1162.9396154346969,165.65642250819894,2305,1.9483084043157588,2464,12
20261004-225238,2026-10-04T22:56:47,33_fundacao_butantan,baseline,baseline,,31337,12,4,4,0.0,0.0,1,64,0.0,0.0,32,0.001,80,32,12,616,7392,19,0.8803871870040894,2464,95.79096169994808,1494.4408940287942,148.35945223576908,2305,1.716788711518566,2464,12
20261004-225238,2026-10-04T22:57:04,67_fundacao_butantan,baseline,baseline,,42,12,4,4,0.0,0.0,1,64,0.0,0.0,32,0.001,80,32,12,232,2784,1,0.9933670163154602,928,2.125507087109546,7.4957403732035965,55.47009748108868,647,0.7630105255952248,928,12
20261004-225238,2026-10-04T22:57:23,67_fundacao_butantan,baseline,baseline,,7,12,4,4,0.0,0.0,1,64,0.0,0.0,32,0.001,80,32,12,232,2784,1,0.9850241541862488,928,2.1440942081510377,8.031759519266128,54.33607091296467,647,0.7542125063151346,928,12
20261004-225238,2026-10-04T22:57:42,67_fundacao_butantan,baseline,baseline,,123,12,4,4,0.0,0.0,1,64,0.0,0.0,32,0.001,80,32,12,232,2784,1,1.0035789012908936,928,2.155651333260125,7.527999647986598,56.77777915609161,647,0.7723560361275147,928,12
20261004-225238,2026-10-04T22:57:59,67_fundacao_butantan,baseline,baseline,,2024,12,4,4,0.0,0.0,1,64,0.0,0.0,32,0.001,80,32,12,232,2784,1,0.9952696561813354,928,2.1227879420300173,7.080115193165334,57.024120724658054,647,0.7719560802980577,928,12
20261004-225238,2026-10-04T22:58:15,67_fundacao_butantan,baseline,baseline,,31337,12,4,4,0.0,0.0,1,64,0.0,0.0,32,0.001,80,32,12,232,2784,1,0.9774630069732666,928,2.119244090570458,7.816062580819714,54.1428017999088,647,0.7530036179274139,928,12
20261004-225238,2026-10-04T22:58:43,9_fundacao_butantan,baseline,baseline,,42,12,4,4,0.0,0.0,1,64,0.0,0.0,32,0.001,80,32,12,361,4332,2,0.9327713847160339,1444,3.1402321764141568,21.706793047263723,45.286714806083914,1084,0.6436146033920012,1444,12
20261004-225238,2026-10-04T22:59:09,9_fundacao_butantan,baseline,baseline,,7,12,4,4,0.0,0.0,1,64,0.0,0.0,32,0.001,80,32,12,361,4332,5,0.9322745203971863,1444,3.1653714257903873,22.105182886704917,44.93253044440791,1084,0.6404370566398999,1444,12
20261004-225238,2026-10-04T22:59:36,9_fundacao_butantan,baseline,baseline,,123,12,4,4,0.0,0.0,1,64,0.0,0.0,32,0.001,80,32,12,361,4332,26,0.9483028054237366,1444,2.907007529330633,18.80685981216333,45.67843103069229,1084,0.6367581919180402,1444,12
20261004-225238,2026-10-04T23:00:04,9_fundacao_butantan,baseline,baseline,,2024,12,4,4,0.0,0.0,1,64,0.0,0.0,32,0.001,80,32,12,361,4332,9,0.9339351058006287,1444,3.145254565263554,21.906464666447565,45.09246389556862,1084,0.6414683021058731,1444,12
20261004-225238,2026-10-04T23:00:29,9_fundacao_butantan,baseline,baseline,,31337,12,4,4,0.0,0.0,1,64,0.0,0.0,32,0.001,80,32,12,361,4332,3,0.9337617754936218,1444,3.1343942754115095,21.626628939849418,45.08640695012769,1084,0.6425699963783464,1444,12
