municipio,mes_alvo,t-12,t-11,t-10,t-9,t-8,t-7,t-6,t-5,t-4,t-3,t-2,t-1
350050_aguas_de_lindoia,2026-06-01,0.08270678,0.090712234,0.09686489,0.10058154,0.100336954,0.09854599,0.08811697,0.07206417,0.0503839,0.034278594,0.012114607,-0.0042650485
350190_amparo,2026-05-01,0.08586648,0.09177511,0.09651955,0.09826549,0.09664868,0.09364085,0.08462069,0.06677106,0.04844693,0.030314682,0.008511827,-0.0039276425
350220_angatuba,2026-07-01,0.087219946,0.09688279,0.102314346,0.10271905,0.1024139,0.100160405,0.08649642,0.07137585,0.053359747,0.032039218,0.012672638,-0.0052848095
350270_apiai,2026-05-01,0.08005048,0.08902113,0.09527057,0.09936849,0.097964205,0.09931645,0.085460335,0.0665228,0.053904887,0.02992468,0.012656717,-0.0019602284
350270_apiai,2026-07-01,0.087714076,0.09640758,0.09827312,0.09967782,0.10077892,0.098527335,0.08697235,0.07203425,0.052076012,0.029642453,0.010159024,-0.0048243483
350280_aracatuba,2026-05-01,0.0853076,0.09133267,0.096527465,0.09519364,0.09523873,0.09432673,0.08381085,0.065769956,0.045991115,0.03139232,0.012322377,-0.0036945038
350390_aruja,2026-06-01,0.08587501,0.09182644,0.09771757,0.09898426,0.09579698,0.0955327,0.082305886,0.067853965,0.05051181,0.030368373,0.0096571995,-0.004410185
350400_assis,2026-08-01,0.085002206,0.0964652,0.10145568,0.10176098,0.10174116,0.0987174,0.08526144,0.07261726,0.049039215,0.029371427,0.012196012,-0.0015500525
350460_bady_bassitt,2026-05-01,0.084432945,0.093603544,0.0962347,0.10033321,0.09632493,0.097107105,0.08561668,0.07151618,0.0537897,0.029739983,0.013079171,-0.0035504235
350480_balsamo,2026-08-01,0.08407714,0.093419604,0.09720112,0.10002609,0.09908872,0.09907783,0.08786005,0.06926575,0.050101675,0.03357326,0.013225876,-0.003899604
350500_barao_de_antonina,2026-05-01,0.08687666,0.091704726,0.09809839,0.100337595,0.09770427,0.10051088,0.08569507,0.068324804,0.051276084,0.029871395,0.009351468,-0.003443669
350500_barao_de_antonina,2026-08-01,0.08249666,0.090338826,0.09828807,0.09882189,0.09936863,0.09560376,0.08515057,0.07164002,0.05460666,0.03194823,0.011277298,-0.0009460411
350530_barra_bonita,2026-06-01,0.08585229,0.090830244,0.09531385,0.098696664,0.09820112,0.09653675,0.08578032,0.070356436,0.04999571,0.0322519,0.0110049145,-0.0017689724
350530_barra_bonita,2026-07-01,0.07909243,0.08780304,0.09368351,0.09500988,0.09812819,0.097547956,0.08875907,0.07395149,0.054386683,0.033439565,0.012221826,0.0008265842
350550_barretos,2026-05-01,0.08600253,0.09290478,0.09333392,0.09683517,0.09729677,0.09079907,0.080379985,0.06399804,0.04942821,0.02831222,0.009351015,-0.0047793053
350550_barretos,2026-07-01,0.08691242,0.094917364,0.09702812,0.09800193,0.0985636,0.0971132,0.085517235,0.06921421,0.048824113,0.03048808,0.01421347,-0.002142853
350550_barretos,2026-08-01,0.08511383,0.09117966,0.09857539,0.10007169,0.09927947,0.0950768,0.08518822,0.0703863,0.049967814,0.029203279,0.010486735,-0.0045734583
350560_barrinha,2026-06-01,0.0872284,0.09216687,0.09848883,0.099824175,0.097735316,0.09537531,0.08326384,0.06772936,0.047949515,0.030179296,0.008508014,-0.0051878863
350610_bebedouro,2026-07-01,0.08343681,0.092215165,0.09356931,0.10232959,0.0981652,0.09606122,0.0873188,0.07373841,0.054339644,0.034816448,0.010316765,-0.0036528816
350650_birigui,2026-05-01,0.07647527,0.088992685,0.09507721,0.09455016,0.095573574,0.0958996,0.08653516,0.07273267,0.0523799,0.03319412,0.0119662145,-0.0026060645
350660_biritiba_mirim,2026-06-01,0.086963825,0.093478136,0.09958757,0.09918747,0.099048965,0.098622374,0.083640784,0.07027527,0.050815396,0.029017026,0.011313836,-0.005329022
350700_boituva,2026-07-01,0.082923986,0.09013796,0.09571512,0.09602578,0.09509034,0.093798645,0.08316067,0.06807449,0.047656905,0.026587512,0.010453584,-0.0065893927
350700_boituva,2026-08-01,0.086207785,0.09231715,0.0956917,0.09666959,0.09888281,0.09271579,0.08340134,0.06711158,0.04733529,0.028514478,0.010768883,-0.0010025159
350740_borborema,2026-05-01,0.08576757,0.092726305,0.10211442,0.10400546,0.099223934,0.09788674,0.089039795,0.07244363,0.051314257,0.027999775,0.010647671,-0.0039815404
350760_braganca_paulista,2026-08-01,0.08750618,0.09064014,0.09926401,0.10013668,0.09806837,0.09808472,0.08829644,0.072417825,0.051991507,0.031607732,0.010178379,-0.0036924514
350780_brodowski,2026-07-01,0.08823786,0.09131533,0.097467914,0.10307292,0.09925947,0.09784867,0.08785661,0.07137785,0.05370473,0.034011897,0.012476956,-0.004217616
350810_buritama,2026-05-01,0.0848996,0.091323666,0.100237474,0.09965408,0.09987994,0.0978806,0.086737424,0.07206797,0.050032783,0.030546358,0.011323995,0.0023385496
350860_cachoeira_paulista,2026-05-01,0.081614986,0.08968851,0.09503992,0.09706637,0.09650157,0.09204317,0.0816725,0.06460465,0.04638337,0.025961537,0.011065395,-0.006047305
350860_cachoeira_paulista,2026-06-01,0.08359308,0.089715905,0.098234646,0.095462486,0.09275874,0.09607382,0.0821968,0.068355665,0.04637517,0.024753986,0.009439382,0.0002806148
350900_caieiras,2026-06-01,0.08873674,0.093373716,0.09801192,0.09841231,0.09927801,0.09713364,0.08133307,0.066561855,0.047798812,0.028171934,0.009365979,-0.00483845
350940_cajuru,2026-06-01,0.088345274,0.09219853,0.096556276,0.09849779,0.097449,0.093813635,0.08294754,0.065485805,0.04659672,0.026469162,0.013428042,-0.002344717
350940_cajuru,2026-08-01,0.083907604,0.086140536,0.09413436,0.094895795,0.09630228,0.09131406,0.082118995,0.067362376,0.048400365,0.027506588,0.009253473,-0.0050873193
350945_campina_do_monte_alegre,2026-08-01,0.085405596,0.087117836,0.096790165,0.09907244,0.093235224,0.09060217,0.08058319,0.065638505,0.050294254,0.02867776,0.010815519,-0.0026096026
350950_campinas,2026-06-01,0.08303899,0.08901882,0.09564442,0.09889817,0.09370466,0.09232502,0.08469464,0.06752772,0.049005203,0.02990147,0.009236055,-0.0044240686
350990_cananeia,2026-06-01,0.08841328,0.09484719,0.10240955,0.1024381,0.10062771,0.09671387,0.08628218,0.070339575,0.049643267,0.028354537,0.011827659,-0.0034146772
351000_candido_mota,2026-05-01,0.08584166,0.094468676,0.09926318,0.09687127,0.098416254,0.09582966,0.08539041,0.071269944,0.048999976,0.03097266,0.009469893,-0.005556931
351050_caraguatatuba,2026-06-01,0.081487425,0.08989969,0.09489572,0.093630046,0.096606016,0.095525645,0.08536995,0.06517315,0.04949486,0.029036414,0.011354038,7.523291e-07
351110_catanduva,2026-06-01,0.08854052,0.09429432,0.10034844,0.10063666,0.09964708,0.09701221,0.08713703,0.071749516,0.05234175,0.028436527,0.01112682,-0.0038769857
351140_cerqueira_cesar,2026-06-01,0.08866784,0.09376705,0.09943971,0.104107514,0.10254749,0.09929508,0.08663219,0.07057316,0.052269842,0.032835122,0.009270228,-0.0057585393
351140_cerqueira_cesar,2026-08-01,0.09037646,0.096575685,0.1012704,0.103888884,0.10385192,0.100101955,0.0902152,0.07259315,0.054679085,0.030755714,0.013665476,-0.0041652056
351230_conchas,2026-06-01,0.08753408,0.09405605,0.09810405,0.0968503,0.10045855,0.09364049,0.08498858,0.071136184,0.050128758,0.03014186,0.012583651,-0.0036343236
351240_cordeiropolis,2026-06-01,0.083604164,0.08833299,0.09741482,0.09635764,0.09292633,0.091616094,0.081340365,0.06505357,0.046896715,0.02769076,0.013669071,-0.004832007
351290_cosmorama,2026-07-01,0.086389616,0.09432016,0.10113053,0.10012415,0.10160275,0.09911628,0.087825455,0.068450555,0.052468155,0.03075487,0.010674492,-0.0037500313
351310_cravinhos,2026-07-01,0.08511161,0.09338285,0.098027654,0.10079986,0.10024552,0.09643734,0.09006175,0.074185796,0.054416724,0.03292862,0.012884447,-0.005128943
351360_cunha,2026-08-01,0.088558905,0.095962785,0.10048199,0.102399394,0.10053306,0.09809293,0.08756497,0.070493944,0.050165348,0.030273011,0.009599676,-0.0035851195
351450_duartina,2026-08-01,0.0872008,0.09346619,0.10238962,0.10182168,0.10036419,0.099215634,0.086784236,0.07151653,0.050689347,0.029903198,0.010602313,-0.0038980972
351480_eldorado,2026-08-01,0.088585556,0.092918,0.09787967,0.10045771,0.099339396,0.09732213,0.0841529,0.0703208,0.05056469,0.029032525,0.014628937,-0.0026368012
351490_elias_fausto,2026-07-01,0.08991914,0.093926385,0.10069539,0.10281823,0.10027083,0.09935663,0.085117064,0.06890394,0.049078144,0.030891001,0.011613523,-0.0072925193
351510_embu_guacu,2026-05-01,0.08370199,0.09197197,0.098957025,0.096845515,0.09446763,0.097415246,0.08755871,0.069100656,0.051632628,0.028840719,0.011868095,-0.0030640466
351550_fernandopolis,2026-07-01,0.09005052,0.093356766,0.09748699,0.0979097,0.098825626,0.09647423,0.08522033,0.07104598,0.04920514,0.0289698,0.009947703,-0.005791637
351620_franca,2026-05-01,0.08316521,0.08760749,0.09446112,0.09892422,0.09707795,0.09421098,0.08366159,0.06643043,0.05240873,0.0310863,0.014092014,-0.0042079464
351620_franca,2026-08-01,0.08477995,0.093394324,0.099354915,0.10373608,0.100815855,0.099543326,0.08916682,0.07213806,0.051688842,0.033806335,0.013524036,-0.0048825187
351640_franco_da_rocha,2026-07-01,0.0846041,0.090581805,0.09687633,0.09411351,0.0972434,0.09632463,0.08201542,0.06538932,0.044077042,0.026647301,0.008879559,-0.004592832
351720_guaicara,2026-05-01,0.08551188,0.08877561,0.09600653,0.099504925,0.09808218,0.0985481,0.08625317,0.06962949,0.05349752,0.034236528,0.012071709,-0.003397905
351740_guaira,2026-05-01,0.084943414,0.09308172,0.09809052,0.09981145,0.10140833,0.09904723,0.08667818,0.071398385,0.052701913,0.031229377,0.009129835,-0.0029134317
351780_guaracai,2026-06-01,0.09008368,0.0954561,0.10101609,0.101170786,0.1004228,0.09613013,0.0848447,0.066718824,0.050708428,0.029278599,0.0072043343,-0.0075797825
351810_guaranta,2026-05-01,0.08160162,0.08937206,0.09486632,0.100520775,0.09838819,0.09778543,0.08418318,0.06930137,0.04763023,0.029763,0.012633966,-0.0017604394
351840_guaratingueta,2026-06-01,0.08436173,0.09179515,0.09494798,0.096346736,0.093835704,0.09412019,0.07883061,0.06573817,0.046271406,0.025031505,0.0112192575,-0.005965243
351840_guaratingueta,2026-08-01,0.07947824,0.08650501,0.090361066,0.095368296,0.09318639,0.08933995,0.080168284,0.06155356,0.046359517,0.02485717,0.011130546,-0.006290787
351850_guarei,2026-05-01,0.08682313,0.09329872,0.10039225,0.09970563,0.09879187,0.094160035,0.08207227,0.069620855,0.04782524,0.027022148,0.010452769,-0.004707336
351860_guariba,2026-08-01,0.08585273,0.09279675,0.1001993,0.09866287,0.09839029,0.098911874,0.08441397,0.07101821,0.05153594,0.02770949,0.009242438,-0.004082537
351870_guaruja,2026-05-01,0.07740269,0.0852473,0.09186868,0.09267078,0.09246669,0.09225138,0.08116105,0.06514263,0.04573513,0.026850894,0.01173191,-0.0070806434
351880_guarulhos,2026-07-01,0.08660896,0.093386866,0.097003646,0.099585816,0.09773611,0.096159786,0.08352684,0.06900055,0.049813647,0.032094322,0.012230103,-0.0043145595
351905_holambra,2026-06-01,0.08399717,0.09303669,0.09935937,0.09828931,0.09986913,0.09639718,0.08650519,0.071910486,0.050177526,0.029692514,0.012293656,-0.0017933319
351907_hortolandia,2026-06-01,0.08231983,0.08979703,0.09551874,0.09876257,0.09672151,0.09783941,0.086169496,0.073098496,0.051453743,0.031651948,0.010486968,-0.00237096
351970_ibiuna,2026-08-01,0.083054535,0.08953523,0.0965088,0.09653246,0.09784725,0.094074525,0.08192709,0.06757123,0.04566425,0.031920332,0.007082877,-0.004268197
352010_igarapava,2026-07-01,0.08694592,0.09188457,0.0981467,0.10029557,0.09829979,0.095607474,0.084268644,0.068785354,0.051316775,0.029354554,0.011408356,-0.007632683
352020_igarata,2026-05-01,0.08522131,0.09218329,0.10066595,0.100453235,0.099851586,0.09603487,0.08602857,0.06825814,0.049382817,0.030873086,0.009475556,-0.0025219757
352044_ilha_solteira,2026-06-01,0.0852546,0.09158165,0.09956373,0.10241091,0.09964763,0.10030932,0.08946054,0.07401127,0.056008592,0.034681153,0.011859209,-0.0021711441
352050_indaiatuba,2026-05-01,0.079727255,0.08874609,0.09121647,0.09514447,0.09383005,0.09543877,0.08121045,0.064196914,0.048565302,0.030581962,0.01121337,-0.0044669104
352100_ipero,2026-06-01,0.088539034,0.09425132,0.10057393,0.0971004,0.09954849,0.09501865,0.084797435,0.06900733,0.05316801,0.028591773,0.010091429,-0.0027857362
352100_ipero,2026-08-01,0.08705934,0.093712404,0.09965915,0.100940175,0.1003484,0.10098999,0.091911756,0.071175516,0.051883228,0.033989478,0.01174121,-0.0038636765
352210_itanhaem,2026-05-01,0.08471396,0.08884891,0.09764956,0.09652013,0.09401401,0.09268263,0.08271193,0.06643528,0.04796706,0.029422665,0.008270909,-0.0030202973
352210_itanhaem,2026-08-01,0.0818293,0.08847823,0.09748527,0.09630255,0.09788517,0.093648024,0.08114359,0.065120496,0.047533307,0.028509803,0.010679725,-0.005921636
352220_itapecerica_da_serra,2026-06-01,0.08295398,0.08723716,0.09364196,0.09596485,0.09953407,0.093944885,0.08106389,0.063045494,0.047564592,0.029589107,0.0067161554,-0.0049977335
352230_itapetininga,2026-05-01,0.08251338,0.08910592,0.0962975,0.09548287,0.09275605,0.09286584,0.078135565,0.06908009,0.04887325,0.029678615,0.00904991,-0.0030798684
352230_itapetininga,2026-07-01,0.08621998,0.09195607,0.10012123,0.0990886,0.09751309,0.095875174,0.08619229,0.06882374,0.050723564,0.03046496,0.009779093,-0.0037676627
352230_itapetininga,2026-08-01,0.0831953,0.086126685,0.09453113,0.10116478,0.09737353,0.096957095,0.0837439,0.06854024,0.048740674,0.03035286,0.01015639,-0.0039096163
352240_itapeva,2026-08-01,0.08703835,0.090437055,0.09900258,0.09804568,0.09749481,0.09635287,0.08712907,0.06939908,0.053096212,0.030445566,0.010510595,-0.003813069
352250_itapevi,2026-06-01,0.08379475,0.08899826,0.09379744,0.098777324,0.09839706,0.09421455,0.08434122,0.06926257,0.05079197,0.0318366,0.012119857,-0.001050948
352270_itapolis,2026-05-01,0.08568982,0.09208246,0.09990033,0.100136645,0.102621496,0.10060029,0.08588243,0.07414516,0.05377008,0.030791495,0.01064255,-0.0039569917
352310_itaquaquecetuba,2026-05-01,0.08405101,0.08598231,0.09366901,0.09970074,0.09403559,0.09211511,0.0803063,0.064920746,0.048281066,0.026918637,0.0067461818,-0.0059902756
352320_itarare,2026-05-01,0.085463144,0.09498437,0.099276714,0.09934894,0.09866021,0.09991306,0.087113254,0.07010654,0.052483525,0.030607175,0.009729017,-0.005192866
352320_itarare,2026-06-01,0.08569213,0.094082475,0.098114066,0.101431236,0.09939649,0.09501914,0.08456025,0.07041778,0.051544186,0.026502362,0.010540324,-0.0047881687
352320_itarare,2026-08-01,0.08985717,0.09284249,0.1002035,0.100707725,0.098255895,0.0964637,0.08353907,0.06898937,0.049787503,0.030111816,0.011736911,-0.0011956458
352330_itariri,2026-06-01,0.08484866,0.09224347,0.09873538,0.096276864,0.09775352,0.09333852,0.08553603,0.07023338,0.05029575,0.031934366,0.013945336,-0.005398337
352350_itatinga,2026-05-01,0.085051805,0.090984926,0.096534595,0.100914836,0.09856972,0.09900524,0.08242553,0.06865179,0.05021026,0.031120688,0.008146502,-0.003474892
352390_itu,2026-08-01,0.086752236,0.094687745,0.100601815,0.09967197,0.09761628,0.09572885,0.08328959,0.06848504,0.050455928,0.029189507,0.01152724,-0.0035853076
352400_itupeva,2026-08-01,0.08554717,0.09079684,0.0939929,0.09662823,0.09544365,0.095095985,0.08246151,0.06733727,0.044647988,0.029883072,0.006963367,-0.0071753096
352420_jaborandi,2026-05-01,0.0860631,0.09612967,0.10016557,0.09862558,0.09973579,0.09840496,0.08842125,0.07260524,0.050255217,0.02969016,0.010774293,-0.003307683
352430_jaboticabal,2026-07-01,0.08912168,0.09398628,0.10124664,0.10084674,0.09989113,0.09799364,0.086141326,0.07225198,0.04939994,0.029880507,0.013768645,-0.0052195042
352460_jacupiranga,2026-05-01,0.08606828,0.09147011,0.097841494,0.1008661,0.10432199,0.10112846,0.09109835,0.07545203,0.055384215,0.033555854,0.012154834,-0.0022098063
352460_jacupiranga,2026-07-01,0.087375574,0.094978414,0.10109146,0.10355745,0.10401799,0.10085155,0.08817948,0.07224046,0.053708874,0.032365613,0.010418901,-0.004986909
352460_jacupiranga,2026-08-01,0.08859706,0.09431157,0.10365619,0.104928814,0.10266639,0.10059007,0.09145505,0.07413136,0.052504644,0.031976365,0.009491681,-0.001425569
352480_jales,2026-08-01,0.08640198,0.09353929,0.100078404,0.1001226,0.09966988,0.10152146,0.08828018,0.07018609,0.052383132,0.029686011,0.013614598,-0.0069732615
352510_jardinopolis,2026-05-01,0.088617645,0.09444084,0.099565014,0.10158749,0.10286445,0.103471085,0.08772289,0.073885,0.052190877,0.028907448,0.011214084,-0.004695301
352600_junqueiropolis,2026-08-01,0.0874331,0.09571952,0.09833215,0.09887191,0.099687815,0.09749324,0.082943596,0.0691789,0.047645763,0.029207293,0.010679266,-0.0022954466
352620_juquitiba,2026-07-01,0.08292078,0.089002796,0.09667931,0.0995134,0.09546918,0.097732246,0.08643315,0.07203562,0.053997885,0.03364585,0.010660906,-0.004505641
352680_lencois_paulista,2026-05-01,0.08394281,0.09348428,0.097114034,0.09740533,0.09903771,0.095903635,0.085817344,0.07138429,0.050766204,0.032458983,0.011394472,-0.002140658
352680_lencois_paulista,2026-06-01,0.085295394,0.09148774,0.098321505,0.09746187,0.09754251,0.09833801,0.08505973,0.067573935,0.05064287,0.029591074,0.011969327,-0.0025026216
352680_lencois_paulista,2026-08-01,0.0894225,0.0929604,0.09996249,0.1017191,0.10248426,0.09631223,0.08831602,0.06724791,0.05233352,0.030838685,0.010958442,-0.0029365397
352690_limeira,2026-06-01,0.083490856,0.09410608,0.09771961,0.09575748,0.095951244,0.09196429,0.08217944,0.06773575,0.044018436,0.026792675,0.010902622,-0.007293635
352860_manduri,2026-07-01,0.08419551,0.094097584,0.09901669,0.09980992,0.099301636,0.09464448,0.08220401,0.07153418,0.050348703,0.029318186,0.010033691,-0.0049909255
352920_martinopolis,2026-07-01,0.08855545,0.09645826,0.10345902,0.10387519,0.10455579,0.10237627,0.0909415,0.073869236,0.05360567,0.03167185,0.011019699,-0.00523794
352940_maua,2026-06-01,0.082940966,0.088912845,0.09599585,0.099631004,0.09660293,0.0953448,0.08394071,0.06792227,0.048710454,0.030162139,0.011198165,-0.0033386333
352970_miguelopolis,2026-07-01,0.091818936,0.09601722,0.101951234,0.10430905,0.103623584,0.10043289,0.08879786,0.07153612,0.052063867,0.030278917,0.010028628,-0.0035939428
352990_miracatu,2026-06-01,0.08139345,0.09051017,0.098070115,0.096917346,0.09904444,0.09867664,0.087949,0.073411874,0.05840773,0.036088143,0.01137076,-0.0028288923
352990_miracatu,2026-07-01,0.080060944,0.08823162,0.09341319,0.09824971,0.10063813,0.100929566,0.08934638,0.07413758,0.053636078,0.03241964,0.013857334,0.0016626294
353010_mirandopolis,2026-06-01,0.0833876,0.08657325,0.09519937,0.097585626,0.095463194,0.09414539,0.08197485,0.06580128,0.05022439,0.029330872,0.011166003,-0.003712081
353020_mirante_do_paranapanema,2026-05-01,0.087319456,0.093239,0.09843021,0.10186417,0.09956342,0.09874309,0.08753549,0.070357144,0.0487203,0.029879484,0.009124285,-0.0019488249
353050_mococa,2026-05-01,0.081276186,0.08665139,0.08925866,0.095313124,0.09327172,0.0944031,0.08290512,0.06493922,0.046627197,0.034385376,0.014202864,-0.0022114706
353120_monte_alegre_do_sul,2026-08-01,0.09020137,0.09392757,0.09939977,0.10201181,0.10070106,0.09775177,0.084306635,0.06958176,0.04923359,0.028064774,0.012181752,-0.0033107458
353140_monte_aprazivel,2026-05-01,0.08250262,0.089795865,0.09271542,0.0992353,0.09768095,0.093897186,0.08368088,0.06793779,0.048253223,0.031264644,0.009694417,-0.0010139254
353140_monte_aprazivel,2026-06-01,0.08677108,0.0914775,0.09589263,0.09914316,0.1012096,0.095674686,0.087560415,0.07346923,0.050099414,0.03170029,0.0123321945,-0.0030910624
353200_morungaba,2026-05-01,0.08493857,0.08677391,0.0923549,0.09782198,0.094160475,0.09426292,0.08525655,0.070093766,0.047978405,0.03087609,0.0077350396,-0.0041080355
353240_nazare_paulista,2026-05-01,0.0835006,0.08884674,0.091616444,0.09701928,0.09822252,0.09245646,0.083118446,0.068352595,0.048036423,0.030320548,0.008760067,-0.0019791129
353310_nova_guataporanga,2026-08-01,0.08555627,0.092788234,0.099472545,0.10034387,0.09828579,0.098102465,0.08693702,0.07248916,0.0512723,0.029432902,0.01200376,-0.00355417
353440_osasco,2026-05-01,0.08050274,0.086370535,0.090146825,0.09277082,0.08866617,0.08653117,0.079464994,0.067298,0.0467238,0.029881,0.01266356,-0.0044051614
353440_osasco,2026-06-01,0.08571091,0.0906109,0.090973325,0.09740377,0.09585017,0.09254955,0.08264434,0.06889222,0.04725159,0.026819525,0.011875562,-0.0048915767
353460_osvaldo_cruz,2026-05-01,0.08767092,0.09394337,0.100887835,0.10303075,0.10258899,0.10137373,0.08994236,0.073937654,0.05434731,0.032901317,0.012824213,-0.0048546377
353475_ouroeste,2026-07-01,0.08442561,0.091386035,0.09626076,0.09887821,0.09965209,0.097390585,0.084130175,0.07239996,0.053252116,0.03248534,0.011490856,-0.0012730075
353500_palestina,2026-07-01,0.085453875,0.09325244,0.10199323,0.09958461,0.09869372,0.09675329,0.08627382,0.070374936,0.049685758,0.032625195,0.012025646,-0.0035358297
353530_palmital,2026-07-01,0.087144986,0.0939127,0.09757938,0.10116363,0.09739342,0.09463269,0.08439987,0.06628318,0.048542187,0.028124398,0.011232184,-0.004589111
353540_panorama,2026-07-01,0.08813167,0.091637455,0.0968188,0.09866319,0.10007712,0.095354065,0.08352823,0.073598586,0.051849306,0.031166635,0.014373794,-0.0058423425
353550_paraguacu_paulista,2026-06-01,0.08956674,0.09383142,0.09731683,0.096530445,0.097296715,0.09359109,0.08078794,0.06658317,0.044469174,0.025531279,0.0090022,-0.008027256
353550_paraguacu_paulista,2026-08-01,0.08715193,0.09198967,0.0977776,0.095044926,0.09517812,0.09371483,0.083184026,0.0686601,0.048094735,0.02932722,0.012184773,-0.0056866016
353560_paraibuna,2026-06-01,0.08298136,0.08978913,0.09622423,0.091673665,0.09516687,0.09331361,0.080674954,0.068234436,0.05025972,0.032627176,0.009619379,-0.005684146
353600_parapua,2026-06-01,0.086058,0.09063582,0.09727119,0.09937121,0.09761329,0.096901126,0.08650376,0.07053072,0.05116423,0.029538032,0.013533196,-0.0041711596
353600_parapua,2026-08-01,0.08412654,0.08918861,0.098683335,0.100847885,0.098972835,0.099730715,0.08711373,0.07159055,0.051907167,0.029150868,0.010878613,-0.0031138791
353650_paulinia,2026-05-01,0.08011817,0.08931571,0.09519281,0.09661686,0.09805817,0.09295154,0.08384922,0.07016659,0.0502367,0.029700842,0.0110705905,-0.0035532669
353650_paulinia,2026-07-01,0.08701689,0.09242894,0.09741659,0.09897117,0.10052577,0.1000542,0.08861572,0.071915776,0.053138193,0.028743528,0.0098825805,-0.0031278422
353670_pederneiras,2026-08-01,0.08752854,0.09137214,0.10081798,0.10157124,0.10062254,0.096256964,0.083435066,0.07328445,0.050841987,0.028367247,0.0115409605,-0.003300874
353710_pedreira,2026-07-01,0.085258506,0.090734124,0.0968164,0.097792886,0.09951015,0.09557112,0.084760085,0.06865555,0.05089231,0.029862713,0.012210017,-0.006211932
353760_peruibe,2026-07-01,0.085319035,0.09153549,0.093750335,0.09867315,0.0945209,0.09358033,0.080056004,0.06610552,0.047637593,0.029014915,0.010659047,-0.005341072
353780_piedade,2026-06-01,0.08204253,0.09261704,0.09628632,0.09891772,0.10019237,0.09906636,0.08551927,0.07467559,0.054215502,0.033296105,0.013714271,-0.0027279628
353800_pindamonhangaba,2026-05-01,0.084642224,0.08770498,0.09334751,0.09916933,0.099157475,0.09675719,0.08493361,0.07032413,0.050083116,0.02987482,0.011210068,-0.0027852163
353820_pinhalzinho,2026-05-01,0.08341709,0.08867215,0.09720467,0.09691901,0.099848345,0.09867707,0.08792327,0.072229326,0.050785486,0.031208988,0.010099944,-0.0006369906
353830_piquerobi,2026-05-01,0.08256914,0.08599678,0.09244483,0.09381257,0.095250055,0.09034192,0.08503048,0.068189815,0.049694374,0.027375491,0.012080269,-0.0045652715
353830_piquerobi,2026-07-01,0.08418799,0.09151608,0.0987769,0.096444726,0.097559586,0.09590414,0.08116758,0.071274206,0.04923711,0.029843206,0.010606307,-0.0036687786
353860_piracaia,2026-06-01,0.08611142,0.091358244,0.10019071,0.10061118,0.09990386,0.098803796,0.08731107,0.071549244,0.05002903,0.029757293,0.0109065855,0.00041113052
353870_piracicaba,2026-05-01,0.08326363,0.087813616,0.09629323,0.09963101,0.09819223,0.09542995,0.08233687,0.06865306,0.049727853,0.030189509,0.011439515,-0.0043486417
353880_piraju,2026-05-01,0.08620634,0.091670014,0.099461436,0.0982256,0.098948225,0.09604319,0.08077763,0.06592565,0.049796402,0.027709667,0.008748295,-0.0042681564
353880_piraju,2026-07-01,0.08747854,0.09386872,0.09835536,0.09905234,0.100806534,0.0969761,0.08714653,0.068319395,0.052193433,0.029533105,0.008777207,-0.004574887
353880_piraju,2026-08-01,0.08935169,0.09379629,0.099277034,0.10094321,0.099601924,0.09680592,0.08403995,0.06914689,0.049238436,0.029478269,0.014262511,-0.0038554303
353890_pirajui,2026-07-01,0.08689742,0.09386796,0.10151147,0.10021867,0.10096869,0.098341696,0.08560621,0.07049365,0.04913975,0.029486878,0.009689931,-0.00019534882
353930_pirassununga,2026-08-01,0.08626704,0.08873722,0.094826855,0.0985682,0.097267985,0.09537901,0.083551705,0.06738968,0.047702853,0.028102575,0.010128573,-0.0033139158
354000_pompeia,2026-07-01,0.084562235,0.09298755,0.097234316,0.10142535,0.101731755,0.10065753,0.08983516,0.072958946,0.052990347,0.032694776,0.012442297,-0.003980328
354020_pontal,2026-08-01,0.086535856,0.09595014,0.100692295,0.10356855,0.10184469,0.09784808,0.08528888,0.07158149,0.050284907,0.031150602,0.011436352,-0.001802878
354050_porangaba,2026-05-01,0.086601704,0.09085525,0.0941231,0.098882034,0.09889306,0.09691405,0.083464056,0.06866842,0.049386315,0.025351467,0.012429502,-0.004061847
354100_praia_grande,2026-07-01,0.08156995,0.08852643,0.09390088,0.09516882,0.093615904,0.09407326,0.079598516,0.06734853,0.04714202,0.027243225,0.00802078,-0.0049777105
354130_presidente_epitacio,2026-06-01,0.08448654,0.090115555,0.09549919,0.097132854,0.10013928,0.09664579,0.08522565,0.06803058,0.048153397,0.030352814,0.009387299,-0.003998672
354140_presidente_prudente,2026-07-01,0.08542853,0.09267204,0.09630499,0.09892876,0.10035866,0.100582466,0.08683901,0.07120964,0.0538374,0.03152936,0.011082814,-0.004889587
354150_presidente_venceslau,2026-07-01,0.085346304,0.09212556,0.09762096,0.09676991,0.098400936,0.09827988,0.08674446,0.072801694,0.049705263,0.02839023,0.011657558,-0.0012586414
354160_promissao,2026-05-01,0.086144604,0.09223204,0.09479715,0.09652952,0.09614706,0.09513455,0.08223313,0.06353963,0.048351765,0.023471316,0.011512088,-0.004147304
354160_promissao,2026-06-01,0.08739067,0.09198988,0.101314925,0.09770395,0.09582271,0.09529904,0.08125689,0.06739306,0.04848646,0.026506476,0.007882992,-0.0041825664
354160_promissao,2026-07-01,0.08752876,0.091320544,0.09724615,0.095234945,0.09619662,0.09453058,0.08256507,0.06462592,0.04795843,0.026223006,0.0069319494,-0.0035845751
354240_regente_feijo,2026-06-01,0.08788795,0.09397403,0.097816296,0.10277826,0.10179398,0.09783147,0.08834128,0.073528305,0.054033846,0.031710196,0.011924528,-0.002695664
354240_regente_feijo,2026-07-01,0.08910593,0.094892286,0.10200603,0.10425164,0.10224945,0.09866294,0.089291856,0.07218501,0.050882034,0.030777732,0.012508259,-0.0046863523
354240_regente_feijo,2026-08-01,0.083988234,0.092805795,0.101487085,0.10099765,0.09852188,0.09950008,0.08652733,0.070224665,0.048679445,0.030581955,0.009863686,-3.9859995e-05
354330_ribeirao_pires,2026-05-01,0.082708694,0.0868114,0.09200825,0.093049005,0.09290512,0.09140056,0.080792636,0.06561364,0.04653324,0.028999722,0.008124664,-0.004785428
354370_rincao,2026-06-01,0.0890101,0.09468729,0.10041474,0.103930764,0.09946563,0.098868296,0.08754985,0.07170621,0.051970758,0.030479286,0.01073602,-0.005642588
354380_rinopolis,2026-05-01,0.084115654,0.089132726,0.09511661,0.095996425,0.09325163,0.09201863,0.08268872,0.06405709,0.04714785,0.025828144,0.008260853,-0.004040227
354380_rinopolis,2026-08-01,0.08675068,0.09193432,0.09746361,0.098542936,0.098280385,0.09699659,0.08312507,0.06806451,0.048869587,0.02936261,0.012462521,-0.0066432194
354390_rio_claro,2026-05-01,0.08474594,0.08566001,0.09262645,0.09809349,0.094265655,0.09358471,0.08398342,0.06721622,0.05110279,0.028958842,0.009739619,-0.003795455
354400_rio_das_pedras,2026-06-01,0.08460346,0.09122921,0.09829991,0.09817239,0.098745234,0.09591427,0.08144503,0.07190325,0.049576763,0.029601742,0.009625438,-0.008824767
354410_rio_grande_da_serra,2026-07-01,0.08625533,0.0908289,0.09417191,0.0932483,0.093864106,0.09286417,0.08128926,0.06352939,0.04961567,0.028285537,0.0099447975,-0.0063476255
354500_salesopolis,2026-05-01,0.08592924,0.093778975,0.09924722,0.10212786,0.099784315,0.098650254,0.08629116,0.07232886,0.05005765,0.029289508,0.010921882,-0.0053844983
354520_salto,2026-06-01,0.08666109,0.08940874,0.096920885,0.09710909,0.09278963,0.09101956,0.0816287,0.06783405,0.0457149,0.029745528,0.010535947,-0.006488196
354540_salto_grande,2026-08-01,0.08468025,0.090148136,0.10106677,0.09717551,0.09844983,0.09743096,0.08862811,0.07143379,0.053938415,0.029958451,0.01201039,-0.0020918872
354580_santa_barbara_d_oeste,2026-05-01,0.083792366,0.09040279,0.09663402,0.09731672,0.09865307,0.09866405,0.08288393,0.06735708,0.049577978,0.025079247,0.008565053,-0.0012146843
354580_santa_barbara_d_oeste,2026-08-01,0.08483877,0.09277939,0.096202046,0.097404756,0.096839085,0.09319169,0.08235761,0.06851293,0.04933424,0.027050348,0.01261031,-0.0018298938
354630_santa_cruz_das_palmeiras,2026-06-01,0.08561483,0.09351363,0.09485745,0.10002307,0.097182475,0.09218286,0.082026124,0.06878565,0.049160376,0.032601967,0.011999174,0.001369675
354680_santa_isabel,2026-07-01,0.08391423,0.09141585,0.09355706,0.095407054,0.093470365,0.09054179,0.08241968,0.06640582,0.04711372,0.028238924,0.009159487,-0.008069941
354700_santa_maria_da_serra,2026-08-01,0.08477472,0.09274975,0.09507246,0.09744847,0.09940223,0.095702976,0.08543695,0.07249669,0.050733477,0.027624067,0.008804515,-0.0033237818
354760_santa_rosa_de_viterbo,2026-07-01,0.08556665,0.09228221,0.09929668,0.10110912,0.09841291,0.09740829,0.08292343,0.068289205,0.048445042,0.030034877,0.010471009,-0.00374679
354760_santa_rosa_de_viterbo,2026-08-01,0.08709726,0.094134316,0.100084595,0.102293536,0.097718656,0.10008834,0.08286579,0.068646796,0.051270887,0.031444002,0.009092141,-0.0030863418
354780_santo_andre,2026-06-01,0.087920986,0.093197204,0.09614744,0.10055033,0.098276936,0.09862685,0.083947934,0.071163386,0.0506951,0.030504098,0.009802615,-0.002278421
354850_santos,2026-07-01,0.08358022,0.09062108,0.097713314,0.09929513,0.09747731,0.097586185,0.088459596,0.0695497,0.049709983,0.030756487,0.010513181,-0.0033534132
354850_santos,2026-08-01,0.088897645,0.09262827,0.09852016,0.09599315,0.09864801,0.09545874,0.084714256,0.0705499,0.04928439,0.02917644,0.013079469,-0.0035063012
354940_sao_joaquim_da_barra,2026-06-01,0.08805111,0.09417476,0.10085112,0.10183672,0.10081701,0.098611295,0.08739798,0.07315686,0.05353949,0.032850396,0.0117596965,-0.006236323
355000_sao_luis_do_paraitinga,2026-06-01,0.08633515,0.08990845,0.09838144,0.09843198,0.097785585,0.0972237,0.08562742,0.07024538,0.05165484,0.029402472,0.012299607,-0.0035713993
355020_sao_miguel_arcanjo,2026-05-01,0.08269709,0.088424735,0.09387218,0.09850152,0.09625027,0.08892188,0.07853479,0.06695921,0.04571059,0.028977515,0.011801272,-0.0066413386
355050_sao_pedro_do_turvo,2026-06-01,0.08877868,0.0938806,0.10227319,0.101865396,0.10195533,0.10036365,0.08755115,0.07318669,0.051306088,0.028042803,0.009725368,-0.0049035395
355150_serrana,2026-06-01,0.0827215,0.09250735,0.09429782,0.09955346,0.09608902,0.09581852,0.08738194,0.07247425,0.055127572,0.036305483,0.013895608,-0.0032950244
355210_socorro,2026-08-01,0.0821718,0.08836837,0.09612096,0.098334275,0.09861619,0.09464686,0.086595066,0.071090974,0.049000762,0.032236468,0.009170602,-0.0050084023
355270_tabatinga,2026-07-01,0.087842315,0.09283776,0.09771971,0.0974067,0.10012285,0.09252731,0.087278634,0.06939507,0.048811346,0.029136688,0.012247201,-0.00361955
355360_tapiratiba,2026-05-01,0.08236218,0.08785805,0.09407784,0.09913511,0.097546324,0.095888145,0.08624468,0.06870866,0.048304494,0.02966611,0.011322626,-0.0032867407
355430_teodoro_sampaio,2026-06-01,0.086441025,0.094215505,0.096330374,0.10191967,0.09933658,0.0982,0.08543491,0.071597144,0.05283263,0.030113416,0.0073213577,-0.0040358864
355495_tuiuti,2026-07-01,0.085035354,0.09088311,0.09695755,0.098382615,0.09887591,0.09919964,0.08457803,0.06812133,0.0518118,0.029356027,0.008448106,-0.0051657935
355500_tupa,2026-05-01,0.08082836,0.08798044,0.0941276,0.094583414,0.09581703,0.08922426,0.07820623,0.064352944,0.050340004,0.028269423,0.009551947,-0.0044245995
355540_ubatuba,2026-05-01,0.081115596,0.091487676,0.09844263,0.09973593,0.098182596,0.09522532,0.084028855,0.06995408,0.050768364,0.0299011,0.011179123,-0.0006422864
355560_uchoa,2026-06-01,0.08476867,0.092251666,0.09849602,0.098180346,0.09814526,0.09622426,0.08202078,0.06838958,0.050640497,0.03230379,0.008430021,-0.0039692037
355610_valentim_gentil,2026-08-01,0.08700627,0.09115935,0.0944167,0.09881723,0.09850126,0.09908306,0.085981674,0.07319513,0.053365268,0.031552393,0.012797785,-0.0062875245
355620_valinhos,2026-07-01,0.08619343,0.09407317,0.09841963,0.10154134,0.098701246,0.09965232,0.088246495,0.07287263,0.051909868,0.031319957,0.0115435,-0.0023628678
355630_valparaiso,2026-07-01,0.08846291,0.094199985,0.09951636,0.103042245,0.101535976,0.10000915,0.08514791,0.07216002,0.05102012,0.0318713,0.012427638,-0.006369114
355670_vinhedo,2026-07-01,0.083840735,0.093404084,0.09732355,0.099938035,0.09737545,0.09370518,0.08286162,0.07060949,0.04990147,0.03133569,0.010685114,-0.0035017156
355690_vista_alegre_do_alto,2026-05-01,0.08022216,0.08927275,0.09178172,0.09646445,0.09643677,0.09430892,0.08328259,0.06944201,0.04974031,0.027884463,0.013011093,-0.0013892091
355690_vista_alegre_do_alto,2026-06-01,0.08569453,0.09129741,0.09703133,0.09913233,0.096387126,0.095637806,0.085100986,0.069628105,0.05344176,0.02927707,0.012916899,-0.0027109808
355700_votorantim,2026-08-01,0.085130244,0.09322478,0.0962244,0.09912805,0.098794155,0.095857516,0.08680575,0.0674671,0.049561635,0.028997133,0.009447189,-0.0028134445
355710_votuporanga,2026-05-01,0.07712241,0.08773349,0.09222877,0.092281245,0.09586968,0.09435909,0.082616955,0.06934764,0.048611004,0.032233763,0.012629375,0.0008025313
