vacina,grupo,fator,valor,n_seeds,mae_mean,mae_std,rmse_mean,rmse_std,mape_mean,mape_std,mase_mean,mase_std,delta_mae,delta_mae_pct,mae_supera_ruido_seed,delta_rmse,delta_rmse_pct,rmse_supera_ruido_seed,delta_mape,delta_mape_pct,mape_supera_ruido_seed,delta_mase,delta_mase_pct,mase_supera_ruido_seed
15_registro_de_carto_espelho_sem_a_informao_de_fabricante,entrada,window,3.0,5,10.035802909306117,1.1691025466593024,14.88692303021504,1.5193804990531297,225.14620897321214,27.64657391976082,0.22307071782177995,0.02537227463338368,,,False,,,False,,,False,,,False
15_serum_institute_of_india_ltd,entrada,missing_ratio,0.0,5,1.6382402931742461,0.03728649190921375,2.8858481857069567,0.06482285353204156,64.4210388503656,1.9540352919768496,0.7229814751537722,0.015742754736263905,0.0,0.0,False,0.0,0.0,False,0.0,0.0,False,0.0,0.0,False
15_serum_institute_of_india_ltd,entrada,missing_ratio,0.1,5,1.6194254562534667,0.017215848568134257,2.8794321014719024,0.06452128373419465,63.05366135112395,0.7613721738664805,0.7134796657296031,0.006813165999431712,-0.018814836920779454,-1.1484784618698347,False,-0.006416084235054242,-0.22232923640376706,False,-1.3673774992416554,-2.1225635656353514,False,-0.009501809424169116,-1.314253511426162,False
15_serum_institute_of_india_ltd,entrada,missing_ratio,0.2,5,1.5882363419312937,0.024165168676131908,2.791618775671238,0.02591343646779856,61.22237853049819,1.5679385329541349,0.7014581092620661,0.010669804564878317,-0.05000395124295243,-3.0522965068857526,False,-0.09422941003571861,-3.2652240856750017,False,-3.1986603198674146,-4.965241754789338,False,-0.021523365891706114,-2.9770286834981867,False
15_serum_institute_of_india_ltd,entrada,missing_ratio,0.3,5,1.5214751711425683,0.04531518775087536,2.884445975921783,0.17819356601687758,58.1833233547874,2.262274635061291,0.6701847826840126,0.010934436652335398,-0.11676512203167788,-7.12747223457887,True,-0.0014022097851738025,-0.04858917361345181,False,-6.2377154955782075,-9.682730373328662,True,-0.0527966924697596,-7.302634200762914,True
15_serum_institute_of_india_ltd,entrada,noise_level,0.0,5,1.6382402931742461,0.03728649190921375,2.8858481857069567,0.06482285353204156,64.4210388503656,1.9540352919768496,0.7229814751537722,0.015742754736263905,0.0,0.0,False,0.0,0.0,False,0.0,0.0,False,0.0,0.0,False
15_serum_institute_of_india_ltd,entrada,noise_level,0.05,5,1.635556690532852,0.03094026221043369,2.88664049319227,0.079852939126355,64.16978052706295,1.5828577537960933,0.722137680200477,0.012989835958301978,-0.0026836026413941116,-0.16381007429590055,False,0.0007923074853133372,0.027454926050423635,False,-0.2512583233026504,-0.39002525849709185,False,-0.0008437949532952294,-0.11671045279766831,False
15_serum_institute_of_india_ltd,entrada,noise_level,0.1,5,1.63995567963999,0.032057485380050994,2.880841269909488,0.09137634041322305,64.26080765545206,1.6177984786996076,0.7245173303337151,0.013775810031550898,0.0017153864657437623,0.104709087726077,False,-0.005006915797468814,-0.17349893255879126,False,-0.16023119491354976,-0.2487249472734021,False,0.0015358551799429243,0.21243354535692088,False
15_serum_institute_of_india_ltd,entrada,noise_level,0.2,5,1.6521917090601757,0.039415485467046846,2.8903040126842865,0.12314601177238176,64.55145395365948,1.8738095676432445,0.7305423926815063,0.017596830346332776,0.013951415885929519,0.8516098611454199,False,0.004455826977329824,0.15440268131215865,False,0.13041510329387052,0.20244178861628273,False,0.0075609175277341345,1.0457968547708625,False
15_serum_institute_of_india_ltd,entrada,noise_level,0.3,5,1.6543484898123109,0.034313746560089876,2.9022935734910735,0.1725189378071139,64.25873760810893,1.3427488034282038,0.7298758306114934,0.012360845442400951,0.01610819663806473,0.9832621444595023,False,0.01644538778411686,0.5698632334704112,False,-0.16230124225667453,-0.2519382567450687,False,0.006894355457721213,0.9536005685698712,False
15_serum_institute_of_india_ltd,entrada,window,3.0,5,1.4253471117466687,0.008760135534167669,2.7023683702934105,0.031213039352671806,52.13006373759689,0.4759207546612105,0.6198310031770671,0.004312255934418134,-0.2128931814275774,-12.995235333583247,True,-0.1834798154135462,-6.35791641162158,True,-12.290975112768713,-19.079132116012065,True,-0.10315047197670513,-14.26737413358563,True
15_serum_institute_of_india_ltd,entrada,window,6.0,5,1.458915500053101,0.01756700216929379,2.7858260359866884,0.03915990485824256,53.43252339096995,0.9982695823178519,0.6317832189474764,0.0075920438616855586,-0.17932479312114502,-10.946183772203906,True,-0.10002214972026824,-3.465953275562396,False,-10.988515459395657,-17.05733973790659,True,-0.09119825620629585,-12.614189898420111,True
15_serum_institute_of_india_ltd,entrada,window,9.0,5,1.468170432884384,0.009199151312837044,2.7661697211126137,0.028808625233849916,53.516023138808464,0.4357616698888534,0.6379428902294283,0.004158012227693023,-0.17006986028986204,-10.38125243277563,True,-0.11967846459434295,-4.147081096888154,False,-10.905015711557141,-16.92772408853393,True,-0.08503858492434391,-11.762208002114702,True
15_serum_institute_of_india_ltd,entrada,window,12.0,5,1.6382402931742461,0.03728649190921375,2.8858481857069567,0.06482285353204156,64.4210388503656,1.9540352919768496,0.7229814751537722,0.015742754736263905,0.0,0.0,False,0.0,0.0,False,0.0,0.0,False,0.0,0.0,False
15_serum_institute_of_india_ltd,entrada,window,18.0,5,1.495548170712995,0.01921131773571456,2.7364112039830144,0.04463254174468096,55.79654126986676,1.2324318551399414,0.6567063519851408,0.009640832581868639,-0.14269212246125118,-8.710085025730361,True,-0.14943698172394226,-5.178268990866342,True,-8.624497580498847,-13.38770335655632,True,-0.06627512316863138,-9.16691857900442,True
15_serum_institute_of_india_ltd,estrutural,dropout,0.0,5,1.6382402931742461,0.03728649190921375,2.8858481857069567,0.06482285353204156,64.4210388503656,1.9540352919768496,0.7229814751537722,0.015742754736263905,0.0,0.0,False,0.0,0.0,False,0.0,0.0,False,0.0,0.0,False
15_serum_institute_of_india_ltd,estrutural,dropout,0.1,5,1.6440420870243766,0.030044129058625798,2.9085504251870233,0.060371819789883444,64.58621031702108,1.623649800490009,0.7249298094638776,0.012617970810705072,0.0058017938501304656,0.3541479155593798,False,0.022702239480066666,0.7866747666251617,False,0.16517146665547955,0.2563936713891446,False,0.0019483343101054373,0.26948606251509316,False
15_serum_institute_of_india_ltd,estrutural,dropout,0.2,5,1.6630656895400198,0.034674945149308106,2.9538448238101362,0.10184375263534652,65.4750949271985,1.6896136380165152,0.7312247503068168,0.011944597811519362,0.024825396365773633,1.5153696603122897,False,0.06799663810317957,2.35620981172723,False,1.054056076832893,1.6361985085046653,False,0.008243275153044571,1.1401779210582532,False
15_serum_institute_of_india_ltd,estrutural,dropout,0.3,5,1.665573311082007,0.038759000931868924,2.976591227041625,0.08954579417441542,65.56943364745518,1.8675705881267743,0.7310458669841597,0.014161750572318534,0.02733301790776088,1.6684376535996783,False,0.09074304133466837,3.144414934371841,False,1.1483947970895798,1.7826393637597515,False,0.00806439183038754,1.1154354720737916,False
15_serum_institute_of_india_ltd,estrutural,learning_rate,0.0001,5,1.4853693630316376,0.016117621465592605,2.72179603380363,0.029999378653527566,56.06980630516425,1.0747405175570057,0.6490557427348724,0.007850453409623282,-0.15287093014260855,-9.331410708157263,True,-0.16405215190332667,-5.684711784765567,True,-8.351232545201356,-12.963517345007794,True,-0.07392573241889977,-10.225121245765859,True
15_serum_institute_of_india_ltd,estrutural,learning_rate,0.0005,5,1.6104704190367536,0.030023980562515117,2.8627502037174675,0.06808540455302795,62.95012767721096,1.699159305663289,0.710589685763792,0.012130899205100545,-0.027769874137492545,-1.6951038411883872,False,-0.023097981989489202,-0.800387979654959,False,-1.4709111731546471,-2.2832776363188056,False,-0.012391789389980201,-1.7139843572540459,False
15_serum_institute_of_india_ltd,estrutural,learning_rate,0.001,5,1.6382402931742461,0.03728649190921375,2.8858481857069567,0.06482285353204156,64.4210388503656,1.9540352919768496,0.7229814751537722,0.015742754736263905,0.0,0.0,False,0.0,0.0,False,0.0,0.0,False,0.0,0.0,False
15_serum_institute_of_india_ltd,estrutural,learning_rate,0.005,5,1.6476843229092566,0.05519722083901441,2.9240118042814283,0.20212927781583362,64.58716160405359,2.281116468870137,0.7255751803165174,0.019124115745920853,0.009444029735010462,0.5764740236434887,False,0.03816361857447159,1.3224402712342442,False,0.16612275368798635,0.25787034275223203,False,0.0025937051627451524,0.35875126153038606,False
15_serum_institute_of_india_ltd,estrutural,n_layers,1.0,5,1.6382402931742461,0.03728649190921375,2.8858481857069567,0.06482285353204156,64.4210388503656,1.9540352919768496,0.7229814751537722,0.015742754736263905,0.0,0.0,False,0.0,0.0,False,0.0,0.0,False,0.0,0.0,False
15_serum_institute_of_india_ltd,estrutural,n_layers,2.0,5,1.6184242160415945,0.02984813916260153,2.870597290950953,0.05491769287490528,63.15270542585311,1.4996957312649442,0.7140269288935354,0.013173860268273451,-0.019816077132651655,-1.2095952721475385,False,-0.015250894756003497,-0.5284718313159439,False,-1.2683334245124982,-1.9688186455026409,False,-0.00895454626023684,-1.2385581882761632,False
15_serum_institute_of_india_ltd,estrutural,n_layers,3.0,5,1.6014237108375924,0.02252881223489864,2.853274683598344,0.05554126738549641,62.170615699234716,1.3140070070524057,0.706754419675963,0.0105511462153037,-0.03681658233665375,-2.247324918697862,False,-0.03257350210861265,-1.128732352240248,False,-2.2504231511308888,-3.4933046583711174,False,-0.016227055477809227,-2.244463521607918,False
15_serum_institute_of_india_ltd,estrutural,units,16.0,5,1.67018557826494,0.02797135468447944,2.913125612215615,0.03159040136897929,65.93648780748919,1.3623950345207634,0.7384860857034823,0.012557286291167308,0.03194528509069383,1.9499755453332677,False,0.027277426508658387,0.9452134954207972,False,1.5154489571235814,2.35241310007993,False,0.015504610549710085,2.144537734720296,False
15_serum_institute_of_india_ltd,estrutural,units,32.0,5,1.6619257421727167,0.028596661056775666,2.917199988747341,0.053775228252027865,65.6644953263055,1.4912053665316467,0.7339003418489647,0.012059975491844663,0.023685448998470582,1.4457860118052508,False,0.03135180304038432,1.086398210261499,False,1.2434564759398938,1.9302024589018825,False,0.010918866695192486,1.5102553897207578,False
15_serum_institute_of_india_ltd,estrutural,units,64.0,5,1.6382402931742461,0.03728649190921375,2.8858481857069567,0.06482285353204156,64.4210388503656,1.9540352919768496,0.7229814751537722,0.015742754736263905,0.0,0.0,False,0.0,0.0,False,0.0,0.0,False,0.0,0.0,False
15_serum_institute_of_india_ltd,estrutural,units,128.0,5,1.6250360382237923,0.017758441247740238,2.8911488612181344,0.0651656720264373,63.72574726392893,0.9395895498363149,0.7152377914626337,0.0070504398701229844,-0.013204254950453853,-0.8060023310053837,False,0.005300675511177744,0.1836782522875235,False,-0.6952915864366744,-1.0792927261723728,False,-0.0077436836911385365,-1.0710763632624913,False
33_butantan,entrada,window,3.0,5,95.80354524146428,0.8974544392566888,431.6836473758634,3.2158007440542,207.0191050341695,7.2590306253964325,0.6696327269875799,0.0051879297825315135,,,False,,,False,,,False,,,False
33_fundacao_butantan,entrada,missing_ratio,0.0,5,100.50083937675794,32.49551015779766,1344.7477169475294,426.69981382372305,164.24333810587783,32.80994924789051,1.9335509956573589,0.40271928989514794,0.0,0.0,False,0.0,0.0,False,0.0,0.0,False,0.0,0.0,False
33_fundacao_butantan,entrada,missing_ratio,0.1,5,50.89596441459078,21.001060769952474,648.0788241206992,451.34284875424703,125.85886820512901,24.543766323222247,1.3766151395862791,0.2643492802480576,-49.60487496216716,-49.35767230381849,False,-696.6688928268302,-51.80666113404626,False,-38.38446990074881,-23.370488169209423,False,-0.5569358560710798,-28.803784194051502,False
33_fundacao_butantan,entrada,missing_ratio,0.2,5,53.58827098187028,12.62061477381947,606.1087369557774,220.74707814445398,139.98088284519102,23.135957210148174,1.5399808481253072,0.2866567165226729,-46.91256839488766,-46.67878267068162,False,-738.638979991752,-54.92769912771473,False,-24.262455260686806,-14.772261414369364,False,-0.39357014753205166,-20.354784974173786,False
33_fundacao_butantan,entrada,missing_ratio,0.3,5,29.560640122421717,7.6049390917631765,226.09946332171717,111.89721561031736,105.30634446077747,17.647629343647594,1.1576529713081585,0.15800388493122386,-70.94019925433622,-70.58667339920946,True,-1118.6482536258122,-83.18647724980379,True,-58.93699364510036,-35.88394775994337,False,-0.7758980243492004,-40.12813864707067,False
33_fundacao_butantan,entrada,noise_level,0.0,5,100.50083937675794,32.49551015779766,1344.7477169475294,426.69981382372305,164.24333810587783,32.80994924789051,1.9335509956573589,0.40271928989514794,0.0,0.0,False,0.0,0.0,False,0.0,0.0,False,0.0,0.0,False
33_fundacao_butantan,entrada,noise_level,0.05,5,106.19967875924476,45.49337963722692,1571.2843233023823,816.7664332038951,151.40061322624396,31.392972298905768,1.7163776294123907,0.33288809164019945,5.698839382486824,5.6704395881938785,False,226.5366063548529,16.84603018840389,False,-12.842724879633863,-7.8193277290522,False,-0.2171733662449682,-11.2318406254982,False
33_fundacao_butantan,entrada,noise_level,0.1,5,88.30666189339446,32.03993912428364,1265.4731491661662,812.3452054086727,148.77157208066177,40.942286783166544,1.7273115772749752,0.4703228377589499,-12.194177483363475,-12.133408595374906,False,-79.2745677813632,-5.895125664262898,False,-15.471766025216056,-9.420026531147546,False,-0.2062394183823837,-10.666355262705004,False
33_fundacao_butantan,entrada,noise_level,0.2,5,121.92759321130377,28.4484499368685,1934.908953118683,1201.0911449202788,167.17273375145567,30.304467365555485,1.9108574268400722,0.4058201583912805,21.426753834545835,21.31997500460781,False,590.1612361711536,43.88639063918791,False,2.9293956455778414,1.7835704506257877,False,-0.02269356881728668,-1.1736731468813129,False
33_fundacao_butantan,entrada,noise_level,0.3,5,133.06009693544576,85.8807762004781,2584.096677728599,2312.7047047094215,171.80122315034419,24.439408593527293,1.9110026581725355,0.32049387833667375,32.55925755868782,32.39700062268091,False,1239.3489607810695,92.16219110557728,True,7.55788504446636,4.601638721927489,False,-0.022548337484823433,-1.166162027040697,False
33_fundacao_butantan,entrada,window,3.0,5,25.78006173264078,1.355984082892367,279.1212480039029,50.57434107775883,58.38776733528664,0.5457781955884367,0.7721395038616576,0.011143845837065822,-74.72077764411716,-74.34841152321486,True,-1065.6264689436266,-79.24359755467844,True,-105.85557077059119,-64.45045016215663,True,-1.1614114917957012,-60.06624570048387,True
33_fundacao_butantan,entrada,window,6.0,5,23.36121887139577,2.112609288919449,186.16740996739418,24.824427763910233,66.50457182897021,3.154033197658802,0.8758828230901278,0.03904507279870857,-77.13962050536216,-76.75520023885657,True,-1158.5803069801352,-86.15596013875529,True,-97.73876627690761,-59.50851182402375,True,-1.0576681725672312,-54.70081600861272,True
33_fundacao_butantan,entrada,window,9.0,5,28.616899080937365,3.1809143699426454,225.58087741954864,30.391044380363624,71.94778645738998,1.795436470174555,0.9325275290684794,0.034042959561061695,-71.88394029582057,-71.52571136877948,True,-1119.1668395279808,-83.22504105590903,True,-92.29555164848784,-56.19439589628313,True,-1.0010234665888795,-51.771247245980014,True
33_fundacao_butantan,entrada,window,12.0,5,100.50083937675794,32.49551015779766,1344.7477169475294,426.69981382372305,164.24333810587783,32.80994924789051,1.9335509956573589,0.40271928989514794,0.0,0.0,False,0.0,0.0,False,0.0,0.0,False,0.0,0.0,False
33_fundacao_butantan,entrada,window,18.0,5,31.892201826314608,4.762615402016898,246.1768197051011,66.14733312891225,76.48830093818756,2.473736151007702,1.075924118168738,0.03526656013262809,-68.60863755044333,-68.2667308809661,True,-1098.5708972424284,-81.69345695087678,True,-87.75503716769026,-53.429891391466874,True,-0.8576268774886209,-44.355017241065795,True
33_fundacao_butantan,estrutural,dropout,0.0,5,100.50083937675794,32.49551015779766,1344.7477169475294,426.69981382372305,164.24333810587783,32.80994924789051,1.9335509956573589,0.40271928989514794,0.0,0.0,False,0.0,0.0,False,0.0,0.0,False,0.0,0.0,False
33_fundacao_butantan,estrutural,dropout,0.1,5,91.68967789229653,26.810349652026492,1130.181387322013,379.6906474238372,175.84829595847853,25.903065677962765,2.069284219481841,0.3122348066443184,-8.811161484461408,-8.767251636008822,False,-214.56632962551635,-15.95587982202081,False,11.604957852600705,7.065709931637949,False,0.13573322382448194,7.019893663489131,False
33_fundacao_butantan,estrutural,dropout,0.2,5,80.28076441387189,23.038247016705903,873.6544603863422,270.2188298235996,181.6074596088352,51.7311182975849,2.1184635840031825,0.6491283419332938,-20.220074962886045,-20.119309538385995,False,-471.0932565611872,-35.03209193993142,False,17.364121502957374,10.572192274711178,False,0.18491258834582358,9.563367542988331,False
33_fundacao_butantan,estrutural,dropout,0.3,5,67.86768372493702,14.001957960969676,742.6568444499591,226.93391184545868,162.7944686791306,27.269126200461002,1.869444377894092,0.3142749308762225,-32.633155651820914,-32.470530449487704,False,-602.0908724975703,-44.77351884740647,False,-1.4488694267472226,-0.8821480636330123,False,-0.06410661776326698,-3.3154862689035176,False
33_fundacao_butantan,estrutural,learning_rate,0.0001,5,27.228358425424354,1.147943722159941,211.16107206040957,11.896605949520604,58.78798299279127,1.1213729773379295,0.8803586094454982,0.019651821715316268,-73.27248095133359,-72.90733232251864,True,-1133.5866448871197,-84.29734667706084,True,-105.45535511308655,-64.20677777816827,True,-1.0531923862118608,-54.469335878767545,True
33_fundacao_butantan,estrutural,learning_rate,0.0005,5,79.56681654275823,43.10113011109203,1235.8143297774811,603.0684150574316,146.67123040927532,38.18265092785456,1.695993557134976,0.4959473285099057,-20.934022833999705,-20.829699496859085,False,-108.93338717004826,-8.100656041069056,False,-17.5721076966025,-10.698825230448506,False,-0.23755743852238287,-12.286070502196363,False
33_fundacao_butantan,estrutural,learning_rate,0.001,5,100.50083937675794,32.49551015779766,1344.7477169475294,426.69981382372305,164.24333810587783,32.80994924789051,1.9335509956573589,0.40271928989514794,0.0,0.0,False,0.0,0.0,False,0.0,0.0,False,0.0,0.0,False
33_fundacao_butantan,estrutural,learning_rate,0.005,5,40.14929511792394,7.214719909442938,477.2594357919155,65.6907138745107,100.47466492250697,12.545551533485146,1.09367695307296,0.13948855281185973,-60.351544258834,-60.05078627511546,False,-867.4882811556139,-64.50937006420382,True,-63.76867318337085,-38.82572889639092,False,-0.8398740425843989,-43.43687052840635,True
33_fundacao_butantan,estrutural,n_layers,1.0,5,100.50083937675794,32.49551015779766,1344.7477169475294,426.69981382372305,164.24333810587783,32.80994924789051,1.9335509956573589,0.40271928989514794,0.0,0.0,False,0.0,0.0,False,0.0,0.0,False,0.0,0.0,False
33_fundacao_butantan,estrutural,n_layers,2.0,5,71.4910573512853,27.850764903170116,1054.6972927846775,397.00624481364645,119.23894355072798,30.039897807764895,1.3859954375501322,0.3659669819942798,-29.00978202547263,-28.865213669231803,False,-290.05042416285187,-21.56913304312896,False,-45.004394555149844,-27.40104717436893,False,-0.5475555581072267,-28.318650986552928,False
33_fundacao_butantan,estrutural,n_layers,3.0,5,51.57340219916231,18.124243437798242,718.7743941189619,289.9141611103038,110.79548617587423,25.4443976804429,1.270886800575013,0.28458091358661075,-48.92743717759563,-48.683610486253016,False,-625.9733228285675,-46.549498834582685,False,-53.447851930003594,-32.54186900143796,False,-0.662664195082346,-34.27187576488288,False
33_fundacao_butantan,estrutural,units,16.0,5,105.04576978518207,54.515619168220816,1700.4974726025343,782.5456113635627,161.52078231528725,67.35819092609127,1.8714213139010412,0.833812045883983,4.544930408424136,4.522281044226988,False,355.74975565500495,26.45475810604302,False,-2.722555790590576,-1.6576354462763705,False,-0.06212968175631772,-3.2132424692111723,False
33_fundacao_butantan,estrutural,units,32.0,5,112.74284944352705,24.076322948497424,1586.0685474931533,290.69622672574815,191.77062166737898,24.24032697195241,2.261393499435073,0.36035760956522583,12.242010066769112,12.181002808221548,False,241.32083054562395,17.945435229546483,False,27.52728356150115,16.76006094308432,False,0.32784250377771396,16.955461971989816,False
33_fundacao_butantan,estrutural,units,64.0,5,100.50083937675794,32.49551015779766,1344.7477169475294,426.69981382372305,164.24333810587783,32.80994924789051,1.9335509956573589,0.40271928989514794,0.0,0.0,False,0.0,0.0,False,0.0,0.0,False,0.0,0.0,False
33_fundacao_butantan,estrutural,units,128.0,5,65.47618356570435,15.317719049979766,844.9693091094257,239.12911035552986,140.49723260766314,16.636328062693327,1.579201680248882,0.22063924351888717,-35.02465581105359,-34.85011272368883,False,-499.7784078381037,-37.16521705443465,False,-23.74610549821469,-14.457880466912453,False,-0.3543493154084769,-18.326349612931054,False
67_fundacao_butantan,entrada,missing_ratio,0.0,5,2.1334569322242367,0.015690565106713517,7.590335462888274,0.36019669548969035,55.550174014942364,1.3361033297252976,0.7629077532526691,0.009285096251567317,0.0,0.0,False,0.0,0.0,False,0.0,0.0,False,0.0,0.0,False
67_fundacao_butantan,entrada,missing_ratio,0.1,5,2.1023908976446144,0.013360015977383429,7.437976302193709,0.24237614871980603,55.24504661697497,0.7890333843246677,0.7583908770449577,0.00582816336239861,-0.031066034579622315,-1.4561360067969313,False,-0.1523591606945649,-2.007278353367918,False,-0.3051273979673965,-0.5492825240931212,False,-0.004516876207711462,-0.5920605982117353,False
67_fundacao_butantan,entrada,missing_ratio,0.2,5,2.0476258683101185,0.060413794808452076,7.561970194124915,1.0182679860740764,54.50661741182115,1.5679636734499225,0.7483470779935383,0.010366513225523732,-0.08583106391411821,-4.023098034823462,True,-0.028365268763359097,-0.37370243913522033,False,-1.0435566031212105,-1.8785838597742386,False,-0.01456067525913085,-1.90857612824764,False
67_fundacao_butantan,entrada,missing_ratio,0.3,5,1.8910686329834099,0.07155013989442596,6.777425459583749,1.3654714299392408,51.783462682750454,1.5249586536063193,0.7175893387173043,0.008900493256024874,-0.24238829924082683,-11.361293287890502,True,-0.8129100033045251,-10.709803371394031,True,-3.7667113321919103,-6.780737232575919,True,-0.04531841453536478,-5.940222044165761,True
67_fundacao_butantan,entrada,noise_level,0.0,5,2.1334569322242367,0.015690565106713517,7.590335462888274,0.36019669548969035,55.550174014942364,1.3361033297252976,0.7629077532526691,0.009285096251567317,0.0,0.0,False,0.0,0.0,False,0.0,0.0,False,0.0,0.0,False
67_fundacao_butantan,entrada,noise_level,0.05,5,2.132757391514064,0.019988537699588436,7.587891552871797,0.35565788877570337,55.29873441019803,1.4982354962812383,0.7631603193002519,0.010194901507111762,-0.0006995407101726414,-0.032789071089583,False,-0.0024439100164768135,-0.032197654878706204,False,-0.25143960474433413,-0.4526351342782468,False,0.00025256604758272516,0.03310571251975168,False
67_fundacao_butantan,entrada,noise_level,0.1,5,2.140321517897447,0.02347663519817693,7.6373562832165875,0.29101624923238256,55.214326469983746,1.8618990732399543,0.7648564945279359,0.012563242480347504,0.006864585673210133,0.3217588116978511,False,0.04702082032831356,0.6194827693481311,False,-0.335847544958618,-0.6045841456199199,False,0.0019487412752667854,0.2554360297111016,False
67_fundacao_butantan,entrada,noise_level,0.2,5,2.143981761843014,0.037984150060641576,7.654587692540529,0.35500192914889106,54.760717198012586,2.2430088990510644,0.7661871898030336,0.014768763501493167,0.010524829618777432,0.4933228067465494,False,0.06425222965225519,0.8465005264445312,False,-0.7894568169297784,-1.4211599350119473,False,0.003279436550364445,0.42986016807176436,False
67_fundacao_butantan,entrada,noise_level,0.3,5,2.1554458100212224,0.051732571752111475,7.723394569437879,0.4678138317381697,54.61087193311117,2.7306727478557793,0.7700297477746181,0.018318100159201156,0.021988877796985662,1.0306689328882372,False,0.13305910654960496,1.753006928352193,False,-0.9393020818311939,-1.6909075416731052,False,0.007121994521948949,0.9335328539504565,False
67_fundacao_butantan,entrada,window,3.0,5,2.1048367257165754,0.029296735432128206,8.877445550785268,0.2742667349801513,52.12641173103693,0.4979109614756017,0.7384447014847313,0.0029400970053996894,-0.028620206507661283,-1.3414944579088959,False,1.2871100878969939,16.957222697074613,True,-3.4237622839054325,-6.16336914261417,True,-0.024463051767937838,-3.206554352559564,True
67_fundacao_butantan,entrada,window,6.0,5,2.0355656191401565,0.04015820664613439,7.967306547379712,0.4691173351464797,51.86976252313824,0.5428288734057034,0.7356895148525983,0.0030119735430791483,-0.09789131308408017,-4.588389463387176,True,0.376971084491438,4.966461447383684,False,-3.680411491804122,-6.625382471014643,True,-0.02721823840007087,-3.5676971801669977,True
67_fundacao_butantan,entrada,window,9.0,5,2.091903459974404,0.023841511608985205,8.669112401033706,0.2954390729021598,51.47302276458519,0.19705667574911429,0.741039765414676,0.001597932309558671,-0.041553472249832524,-1.9477061674974112,True,1.078776938145432,14.212506725426543,True,-4.077151250357176,-7.3395832194161414,True,-0.021867987837993152,-2.866399999837286,True
67_fundacao_butantan,entrada,window,12.0,5,2.1334569322242367,0.015690565106713517,7.590335462888274,0.36019669548969035,55.550174014942364,1.3361033297252976,0.7629077532526691,0.009285096251567317,0.0,0.0,False,0.0,0.0,False,0.0,0.0,False,0.0,0.0,False
67_fundacao_butantan,entrada,window,18.0,5,2.4608296191273906,0.16658960200465966,11.456607335912489,1.3065643834597074,58.36217973704754,3.1431990316346683,0.7888970673143886,0.020848540316314675,0.3273726869031539,15.344705672677971,True,3.866271873024215,50.936772056093304,True,2.8120057221051766,5.062100653993953,True,0.02598931406171945,3.406612916294742,True
67_fundacao_butantan,estrutural,dropout,0.0,5,2.1334569322242367,0.015690565106713517,7.590335462888274,0.36019669548969035,55.550174014942364,1.3361033297252976,0.7629077532526691,0.009285096251567317,0.0,0.0,False,0.0,0.0,False,0.0,0.0,False,0.0,0.0,False
67_fundacao_butantan,estrutural,dropout,0.1,5,2.134987446593757,0.020166146263487963,7.821367903347398,0.17440123817250777,55.132620444374254,1.2661416712970675,0.7594044816478809,0.008183484948242904,0.0015305143695201195,0.07173870474734548,False,0.2310324404591242,3.043771142773863,False,-0.41755357056810993,-0.7516692395163205,False,-0.0035032716047882495,-0.45919989538079753,False
67_fundacao_butantan,estrutural,dropout,0.2,5,2.1380465295952584,0.03626643015768969,8.332584405702217,0.4173713721010384,54.342133135858276,0.5822466618002886,0.7540918004854592,0.004955052159325652,0.004589597371021714,0.2151249130788324,False,0.7422489428139434,9.778868752811393,True,-1.2080408790840877,-2.1746842390793204,False,-0.008815952767209922,-1.1555725747474672,False
67_fundacao_butantan,estrutural,dropout,0.3,5,2.098692673252061,0.0418387118426801,7.976405380943862,0.21516646244290427,53.966996754157414,0.8458565814398041,0.7503927072879119,0.00690425242961233,-0.03476425897217572,-1.629480232156935,True,0.386069918055588,5.086335379288766,False,-1.5831772607849501,-2.849995141975781,False,-0.012515045964757276,-1.6404402644224263,False
67_fundacao_butantan,estrutural,learning_rate,0.0001,5,2.134997823500428,0.016900179488472333,8.087985728674422,0.3608705769049909,53.82006224652717,1.5657477553849743,0.753138702694493,0.0108669432760549,0.0015408912761913918,0.07222509406763299,False,0.4976502657861479,6.556367214852742,False,-1.7301117684151919,-3.1145028779744446,False,-0.009769050558176118,-1.2805021991879906,False
67_fundacao_butantan,estrutural,learning_rate,0.0005,5,2.1401234698385516,0.015947601200471954,7.565839931685829,0.17129034398665077,55.87542790778831,0.7892695769278172,0.7661660224110077,0.005951243065929112,0.006666537614314905,0.312475846764092,False,-0.02449553120244463,-0.3227200078601479,False,0.32525389284594297,0.5855137245086818,False,0.0032582691583386003,0.4270856003818179,False
67_fundacao_butantan,estrutural,learning_rate,0.001,5,2.1334569322242367,0.015690565106713517,7.590335462888274,0.36019669548969035,55.550174014942364,1.3361033297252976,0.7629077532526691,0.009285096251567317,0.0,0.0,False,0.0,0.0,False,0.0,0.0,False,0.0,0.0,False
67_fundacao_butantan,estrutural,learning_rate,0.005,5,2.1691641364037864,0.03317332542612918,8.187419883569136,0.2907886195228542,55.62746257866004,0.9302379667459977,0.76426518191466,0.006624137805444866,0.035707204179549645,1.6736782280541787,True,0.5970844206808623,7.866377231944631,False,0.07728856371767279,0.1391328921793891,False,0.0013574286619908449,0.17792828244350992,False
67_fundacao_butantan,estrutural,n_layers,1.0,5,2.1334569322242367,0.015690565106713517,7.590335462888274,0.36019669548969035,55.550174014942364,1.3361033297252976,0.7629077532526691,0.009285096251567317,0.0,0.0,False,0.0,0.0,False,0.0,0.0,False,0.0,0.0,False
67_fundacao_butantan,estrutural,n_layers,2.0,5,2.0971790791537357,0.017919894211010572,7.366062278775402,0.4277283217319083,54.81631627228545,0.9949985188127545,0.7579991159867547,0.006418517794214516,-0.03627785307050102,-1.700425845141365,True,-0.22427318411287178,-2.954720317822835,False,-0.733857742656916,-1.3210719060205223,False,-0.004908637265914395,-0.6434116372505514,False
67_fundacao_butantan,estrutural,n_layers,3.0,5,2.0793317809773226,0.012280060384186438,7.449605808055372,0.20964874803975855,53.888058567432346,0.4469988437100479,0.7521595805083948,0.003514476121065264,-0.05412515124691408,-2.536969480348773,True,-0.140729654832902,-1.8540637040480892,False,-1.6621154475100184,-2.992097643227775,False,-0.010748172744274309,-1.4088430348819114,False
67_fundacao_butantan,estrutural,units,16.0,5,2.1583301175867433,0.028774940712626294,7.670652353964667,0.2636038859038746,56.24257630604387,0.6696769823795665,0.7695117576848833,0.0053460850146650404,0.0248731853625066,1.1658630172850524,False,0.08031689107639295,1.05814679033739,False,0.6924022911015086,1.2464448642685806,False,0.0066040044322142055,0.8656360358192625,False
67_fundacao_butantan,estrutural,units,32.0,5,2.15732666975096,0.018206205577474415,7.681685988771039,0.22462569786746797,56.21030271277995,0.9345377326126164,0.7678916449976014,0.006292197002712709,0.023869737526723167,1.1188291249843867,False,0.09135052588276515,1.203511048087517,False,0.6601286978375853,1.18834676856281,False,0.004983891744932301,0.6532758021770523,False
67_fundacao_butantan,estrutural,units,64.0,5,2.1334569322242367,0.015690565106713517,7.590335462888274,0.36019669548969035,55.550174014942364,1.3361033297252976,0.7629077532526691,0.009285096251567317,0.0,0.0,False,0.0,0.0,False,0.0,0.0,False,0.0,0.0,False
67_fundacao_butantan,estrutural,units,128.0,5,2.14584532076802,0.025260598598661956,7.655987988449986,0.43143818756967933,55.99732520129205,1.0779755191521214,0.7663492557563714,0.007189670243958104,0.012388388543783435,0.5806720706036429,False,0.06565252556171242,0.8649489325301879,False,0.44715118634968576,0.8049501091201031,False,0.0034415025037022318,0.451103359354959,False
67_merck,entrada,window,3.0,5,25.643667729461896,0.7962688964659838,106.70837322800635,0.3452848327106155,220.31603439299883,11.504469956514134,0.2543128548127577,0.009014425582843674,,,False,,,False,,,False,,,False
9_fundacao_butantan,entrada,missing_ratio,0.0,5,3.0984519944420486,0.10765350123915288,21.23038587048579,1.3674614511392296,45.215309425376084,0.2877721208269342,0.6409696300868322,0.002637497666377213,0.0,0.0,False,0.0,0.0,False,0.0,0.0,False,0.0,0.0,False
9_fundacao_butantan,entrada,missing_ratio,0.1,5,2.9481542835765393,0.27858365567313403,18.787761263480828,4.531074249399159,45.58021038136886,1.2188436849959046,0.6365812649953657,0.00556281711763404,-0.15029771086550925,-4.850735500666486,False,-2.442624607004962,-11.505323652174724,False,0.3649009559927734,0.8070296557297932,False,-0.004388365091466451,-0.6846447765195925,False
9_fundacao_butantan,entrada,missing_ratio,0.2,5,2.8664848490899373,0.1644159246280102,17.91041803338336,2.5022950127233523,45.14659183811122,0.47730425750287314,0.6281313179325878,0.00825364272366637,-0.23196714535211127,-7.4865495985805195,True,-3.319967837102432,-15.63781203674592,True,-0.06871758726486377,-0.151978584550607,False,-0.012838312154244358,-2.0029517081027928,True
9_fundacao_butantan,entrada,missing_ratio,0.3,5,2.7001692122533414,0.2062396979983725,16.01038625979003,3.849200345894405,45.57644962801989,0.6220248405545313,0.6154829783687061,0.004134980650323176,-0.39828278218870716,-12.854250538757423,True,-5.2199996106957585,-24.58739865841315,True,0.36114020264380287,0.7987122221066145,False,-0.02548665171812603,-3.9762651024001485,True
9_fundacao_butantan,entrada,noise_level,0.0,5,3.0984519944420486,0.10765350123915288,21.23038587048579,1.3674614511392296,45.215309425376084,0.2877721208269342,0.6409696300868322,0.002637497666377213,0.0,0.0,False,0.0,0.0,False,0.0,0.0,False,0.0,0.0,False
9_fundacao_butantan,entrada,noise_level,0.05,5,3.12354599584379,0.06401870900878982,21.594604190533992,0.6596460440402252,44.963496935869536,0.30704874150873485,0.6420974463379883,0.0027109281648835114,0.02509400140174156,0.8098883392982935,False,0.3642183200482023,1.7155520501138604,False,-0.25181248950654833,-0.556918647039545,False,0.0011278162511560996,0.1759547095863675,False
9_fundacao_butantan,entrada,noise_level,0.1,5,3.1311372794788794,0.0844476959225224,21.676999600311472,0.9133068132207011,44.91154601060348,0.47768397102045673,0.643095100898739,0.003744116277339807,0.03268528503683088,1.0548908001628297,False,0.4466137298256818,2.1036533794072887,False,-0.3037634147726038,-0.6718154064033086,False,0.0021254708119068377,0.33160242110361765,False
9_fundacao_butantan,entrada,noise_level,0.2,5,3.149141336063186,0.18127128024548747,21.864413805911617,2.0212005447615717,45.15063013419337,0.7081322593988325,0.6457401421204457,0.006083872713243746,0.05068934162113736,1.6359569782608558,False,0.6340279354258271,2.9864173891782375,False,-0.06467929118271343,-0.14304732623683786,False,0.004770512033613561,0.744264908926699,False
9_fundacao_butantan,entrada,noise_level,0.3,5,3.1667684928078073,0.1925549975348301,21.96088663304922,2.4678994641818237,44.91648945168978,0.7296579639044916,0.6480413100803452,0.00597600903754079,0.0683164983657587,2.204859022773427,False,0.7305007625634303,3.4408265917529226,False,-0.29881997368630664,-0.6608822929310766,False,0.0070716799935129915,1.1032784802230007,True
9_fundacao_butantan,entrada,window,3.0,5,2.923879196443221,0.03682814934772516,18.253959389834915,0.40817066724892775,44.89960837583797,0.13813155579571743,0.621603458725939,0.0007778744555991884,-0.1745727979988274,-5.634194052771293,False,-2.9764264806508756,-14.019653240446589,True,-0.31570104953811295,-0.6982171604048181,False,-0.019366171360893136,-3.0213867322028345,True
9_fundacao_butantan,entrada,window,6.0,5,2.9857447768522847,0.08960889330189603,19.105534448737327,1.009947934337738,45.49055852905036,0.3660528589621229,0.6260649983658929,0.0023818363890714114,-0.11270721758976388,-3.6375331227314867,False,-2.1248514217484633,-10.008538868350973,False,0.2752491036742768,0.6087520071681725,False,-0.014904631720939254,-2.3253257286027926,True
9_fundacao_butantan,entrada,window,9.0,5,3.012740934124201,0.1787338580697894,20.130927570699356,1.680371534733912,44.105050608148396,0.17461618913476043,0.6209012201527644,0.005739017647640231,-0.08571106031784748,-2.7662542608888097,False,-1.0994582997864342,-5.17870144468211,False,-1.1102588172276882,-2.4554931312812824,True,-0.020068409934067777,-3.1309455225435734,True
9_fundacao_butantan,entrada,window,12.0,5,3.0984519944420486,0.10765350123915288,21.23038587048579,1.3674614511392296,45.215309425376084,0.2877721208269342,0.6409696300868322,0.002637497666377213,0.0,0.0,False,0.0,0.0,False,0.0,0.0,False,0.0,0.0,False
9_fundacao_butantan,entrada,window,18.0,5,3.630450837486978,0.166450393603872,25.849037137781345,1.3435402407166361,47.10532648616292,0.8216158646942532,0.6612559057257165,0.005520254406940842,0.5319988430449296,17.169826868359433,True,4.618651267295554,21.75490966330642,True,1.890017060786839,4.180037878334432,True,0.0202862756388843,3.1649355424431134,True
9_fundacao_butantan,estrutural,dropout,0.0,5,3.0984519944420486,0.10765350123915288,21.23038587048579,1.3674614511392296,45.215309425376084,0.2877721208269342,0.6409696300868322,0.002637497666377213,0.0,0.0,False,0.0,0.0,False,0.0,0.0,False,0.0,0.0,False
9_fundacao_butantan,estrutural,dropout,0.1,5,2.960695237868628,0.04659942618565841,19.71653137281564,0.6915960002343142,46.06143990069499,0.483715693383375,0.6395152285658305,0.002744831626780876,-0.13775675657342035,-4.445986473907813,False,-1.513854497670149,-7.130602839276181,False,0.8461304753189083,1.8713362488768825,True,-0.0014544015210016248,-0.2269064636969769,False
9_fundacao_butantan,estrutural,dropout,0.2,5,2.95574168020297,0.0714097163990479,19.603148660186672,0.8803332189552688,45.211184682356276,0.3256525711982081,0.6377690762155712,0.002721574675838593,-0.14271031423907843,-4.605858489822331,False,-1.6272372102991177,-7.664661491439409,False,-0.0041247430198083634,-0.009122447843945183,False,-0.003200553871260947,-0.49933003390930836,False
9_fundacao_butantan,estrutural,dropout,0.3,5,2.8705118240288092,0.05247463868811259,18.395001682901942,0.8302593114740769,45.52289027248037,0.5453894925743618,0.6388141742470461,0.0034496116378183493,-0.22794017041323933,-7.356582281155706,True,-2.8353841875838484,-13.355311603288206,True,0.30758084710428335,0.6802581935481801,False,-0.002155455839786047,-0.33628049420906997,False
9_fundacao_butantan,estrutural,learning_rate,0.0001,5,3.1189149410399373,0.03022353939366568,21.644965161753326,0.3175498130716804,45.64096438675499,0.20709749164628646,0.6445378730527566,0.0006466132540239415,0.02046294659788872,0.6604248390678575,False,0.4145792912675361,1.9527638065395643,False,0.42565496137890335,0.9413956617534812,False,0.0035682429659243953,0.5566945450193959,False
9_fundacao_butantan,estrutural,learning_rate,0.0005,5,3.082718557752527,0.11109979661093747,21.123176062024843,1.4013730528839068,45.34321402631739,0.4151765836609453,0.6408717092910087,0.003933994109002976,-0.01573343668952143,-0.5077837809894684,False,-0.10720980846094719,-0.5049828538914541,False,0.1279046009413065,0.28287896857678674,False,-9.792079582349178e-05,-0.015276979006045334,False
9_fundacao_butantan,estrutural,learning_rate,0.001,5,3.0984519944420486,0.10765350123915288,21.23038587048579,1.3674614511392296,45.215309425376084,0.2877721208269342,0.6409696300868322,0.002637497666377213,0.0,0.0,False,0.0,0.0,False,0.0,0.0,False,0.0,0.0,False
9_fundacao_butantan,estrutural,learning_rate,0.005,5,3.167392522755525,0.11932679342513901,21.875533921210145,1.1303012249251267,45.87800798741625,1.1152934518976314,0.6420697871763933,0.0067341855465606155,0.06894052831347652,2.2249990781571216,False,0.6451480507243552,3.0387956896310198,False,0.6626985620401626,1.465650839200578,True,0.0011001570895611268,0.17163950332749595,False
9_fundacao_butantan,estrutural,n_layers,1.0,5,3.0984519944420486,0.10765350123915288,21.23038587048579,1.3674614511392296,45.215309425376084,0.2877721208269342,0.6409696300868322,0.002637497666377213,0.0,0.0,False,0.0,0.0,False,0.0,0.0,False,0.0,0.0,False
9_fundacao_butantan,estrutural,n_layers,2.0,5,3.116699452240051,0.08127285645942632,21.496055344092852,0.7629573727652603,45.17222280032456,0.5214865141758243,0.6410336047338385,0.003763170787763626,0.018247457798002298,0.5889217528860955,False,0.26566947360706195,1.251364319177977,False,-0.043086625051522276,-0.09529211587644443,False,6.397464700635958e-05,0.009980917036224154,False
9_fundacao_butantan,estrutural,n_layers,3.0,5,3.118330008771859,0.06958017141091717,21.472536402956795,0.7679434300363013,45.1328629008937,0.5593746532384959,0.6399651125386914,0.004748403642429037,0.01987801432981051,0.6415466292673684,False,0.2421505324710047,1.1405846975567189,False,-0.08244652448238554,-0.18234205522458344,False,-0.001004517548140793,-0.15671843110643338,False
9_fundacao_butantan,estrutural,units,16.0,5,3.021536225179556,0.05044672561019415,20.443826644730898,0.6489021845499279,45.709819552288444,0.39972382553354885,0.6412333630091697,0.003521464493255351,-0.07691576926249244,-2.482393446807072,False,-0.7865592257548926,-3.7048748456727636,False,0.49451012691235974,1.093678519945784,False,0.0002637329223375007,0.041145931095327055,False
9_fundacao_butantan,estrutural,units,32.0,5,3.05188517683957,0.06554007246192751,20.71630383676542,0.7855129736175371,46.05576775691096,0.5713752159339134,0.6416688904724642,0.00291825286062934,-0.046566817602478494,-1.5029058925556786,False,-0.5140820337203706,-2.421444607066897,False,0.8404583315348759,1.8587915071597132,True,0.0006992603856320612,0.1090941524854044,False
9_fundacao_butantan,estrutural,units,64.0,5,3.0984519944420486,0.10765350123915288,21.23038587048579,1.3674614511392296,45.215309425376084,0.2877721208269342,0.6409696300868322,0.002637497666377213,0.0,0.0,False,0.0,0.0,False,0.0,0.0,False,0.0,0.0,False
9_fundacao_butantan,estrutural,units,128.0,5,3.127475781855367,0.06637536445478628,21.60975302174861,0.6746577253368535,45.545753420001766,0.6167551915812963,0.6432857948029564,0.00405508610268998,0.02902378741331857,0.9367189637077145,False,0.3793671512628194,1.7869065290528268,False,0.3304439946256821,0.7308232517374476,False,0.0023161647161242804,0.361353269703357,False
9_serum_institute_of_india_ltd,entrada,window,3.0,5,47.909790605552416,2.304837994181932,230.11161275074278,9.564006612323382,294.05426811074875,22.28465426860682,0.33279335126804016,0.025153985105644174,,,False,,,False,,,False,,,False
