lag,shap_importancia,lime_importancia,shap_normalizada,lime_normalizada
t-12,0.04565648669969283,0.055813566,0.07852889595990376,0.081259295
t-11,0.04551984473413315,0.056643352,0.07829387256075847,0.082467385
t-10,0.05335000941628661,0.05883353,0.09176171102406887,0.08565608
t-9,0.05460986165077937,0.06043076,0.09392864966080806,0.08798149
t-8,0.05794172855511299,0.06177012,0.09965944167736553,0.08993147
t-7,0.05619721616896717,0.066069104,0.09665889035212896,0.096190386
t-6,0.05172414760392849,0.06618518,0.08896523800704387,0.09635938
t-5,0.05535906512982315,0.06506254,0.09521727535918058,0.09472492
t-4,0.04640792757460442,0.06038319,0.07982136996637058,0.08791223
t-3,0.04533918175659685,0.053974357,0.07798313327282176,0.07858158
t-2,0.040773965430205894,0.046011053,0.07013098730531303,0.06698776
t-1,0.028517847663727842,0.035680972,0.049050534854236494,0.051948134
